"","variant","pyears","n","event"
"1","B.1.1.529",3147.76427104723,48322,183
"2","BA.2",1298.16700889801,23325,67
"3","delta",931.652840520192,13896,168
"4","other",393.629295003422,5521,71
