"","variant","pyears","n","event"
"1","B.1.1.529",1867.11786447639,33854,121
"2","BA.2",126.073100616016,3682,6
"3","delta",1318.11718001369,19264,239
"4","other",4.55578370978782,97,0
